Brand & Model,
Launch Date,
Price,
CPU & Performance,
Codename,
CPU Speed,
x86-64 Level,
GPU,
AI & NPU,
RAM & Storage,
Connectivity,
Audio Ports,
NFC & Wallet,
Battery,
Power & Charging,
Qi Wireless Charging,
Form Factor,
Dimensions & Weight,
Display,
Build & Durability,
Cameras,
Biometrics & Health,
Regional,
Software & Updates,
Color,
Upgrade Options,
Ecosystem Lock-in,
Wear Detection,
Touch Control,
Storage Case,
Special Features,
Official Site,
Info Links,
BIOS/Boot Key,
7-Zip MIPS,
OpenSSL MB/s,
RAMspeed MB/s,
fio Seq Read MB/s,
fio Seq Write MB/s,
fio Rand Read IOPS,
fio Rand Write IOPS,
glmark2 Score,
Kernel Build Time (s),
Speedometer 2.1 Score,
JetStream 2.2 Score,
MotionMark 1.3 Score,
Battery Full Capacity (Wh),
Battery Design Capacity (Wh),
Battery Health (%),
Battery Cycle Count,
Notes